{"trained_on": "c:\\Users\\aryan\\OneDrive\\Desktop\\Startup_Profit_Prediction\\Startup_Profit_Prediction\\50_Startups.csv", "train_r2": 0.9922070282461439, "test_r2": 0.905357859895341, "trained_at": "2025-11-24T13:38:21.177472Z", "importances": {"R&D Spend": 0.9307142250929623, "Administration": 0.0071746111064730925, "Marketing Spend": 0.05886916656223364, "State": 0.0032419972383309595}}